"id","name","code","account_type","chart_template_id/id","reconcile"
"account_activa_account_1","ACTIVO","1","Activos Circulantes","l10n_binaural.l10n_chart_template_binaural","True"
"account_activa_account_101","ACTIVO CORRIENTE","101","Activos Circulantes","l10n_binaural.l10n_chart_template_binaural","True"
"account_activa_account_10101","CAJA","10101","Activos Circulantes","l10n_binaural.l10n_chart_template_binaural","True"
"account_activa_account_10101001","CAJA PRINCIPAL","10101001","Banco y efectivo","l10n_binaural.l10n_chart_template_binaural","True"
"account_activa_account_10101002","CAJA CHICA","10101002","Banco y efectivo","l10n_binaural.l10n_chart_template_binaural","True"
"account_activa_account_10101003","EFECTIVO EN DIVISAS POR DEPOSITAR ","10101003","Banco y efectivo","l10n_binaural.l10n_chart_template_binaural","True"
"account_activa_account_10102","BANCOS","10102","Banco y efectivo","l10n_binaural.l10n_chart_template_binaural","True"
"account_activa_account_10102001","BANCO XXXXX","10102001","Banco y efectivo","l10n_binaural.l10n_chart_template_binaural","True"
"account_activa_account_10102002","TRANSITORIA DE BANCO","10102002","Activos Circulantes","l10n_binaural.l10n_chart_template_binaural","True"
"account_activa_account_10102003","RECIBO PENDIENTE POR CONCILIAR","10102003","Activos Circulantes","l10n_binaural.l10n_chart_template_binaural","True"
"account_activa_account_10102004","PAGOS PENDIENTES POR CONCILIAR","10102004","Activos Circulantes","l10n_binaural.l10n_chart_template_binaural","True"
"account_activa_account_10103","ANTICIPOS","10103","Activos Circulantes","l10n_binaural.l10n_chart_template_binaural","True"
"account_activa_account_10103001","ANTICIPOS A PROVEEDOR","10103001","Activos Circulantes","l10n_binaural.l10n_chart_template_binaural","True"
"account_activa_account_10104","CUENTAS Y EFECTOS POR COBRAR","10104","Por cobrar","l10n_binaural.l10n_chart_template_binaural","True"
"account_activa_account_10104001","CUENTAS POR COBRAR CLIENTES","10104001","Por cobrar","l10n_binaural.l10n_chart_template_binaural","True"
"account_activa_account_10104002","CUENTAS POR COBRAR A TERCEROS","10104002","Por cobrar","l10n_binaural.l10n_chart_template_binaural","True"
"account_activa_account_10104003","CUENTAS POR COBRAR A EMPLEADOS","10104003","Por cobrar","l10n_binaural.l10n_chart_template_binaural","True"
"account_activa_account_10105","OTRAS CUENTAS POR COBRAR","10105","Activos Circulantes","l10n_binaural.l10n_chart_template_binaural","True"
"account_activa_account_10105001","CHEQUES DEVUELTO","10105001","Activos Circulantes","l10n_binaural.l10n_chart_template_binaural","True"
"account_activa_account_10105002","OTROS DEUDORES VARIOS","10105002","Activos Circulantes","l10n_binaural.l10n_chart_template_binaural","True"
"account_activa_account_10106","PREPAGADOS","10106","Activos Circulantes","l10n_binaural.l10n_chart_template_binaural","True"
"account_activa_account_10106001","SEGUROS PAGADOS POR ANTICIPADOS","10106001","Activos Circulantes","l10n_binaural.l10n_chart_template_binaural","True"
"account_activa_account_10106002","OTROS PREPAGADOS","10106002","Activos Circulantes","l10n_binaural.l10n_chart_template_binaural","True"
"account_activa_account_10107","ACTIVOS IMPUESTOS CORRIENTES","10107","Activos Circulantes","l10n_binaural.l10n_chart_template_binaural","True"
"account_activa_account_10107001","RETENCION IVA","10107001","Activos Circulantes","l10n_binaural.l10n_chart_template_binaural","True"
"account_activa_account_10107002","CREDITO FISCAL","10107002","Activos Circulantes","l10n_binaural.l10n_chart_template_binaural","True"
"account_activa_account_10107003","ANTICIPO DE ISLR","10107003","Activos Circulantes","l10n_binaural.l10n_chart_template_binaural","True"
"account_activa_account_10107004","RETENCION DE ISLR","10107004","Activos Circulantes","l10n_binaural.l10n_chart_template_binaural","True"
"account_activa_account_10108","INVENTARIO","10108","Activos Circulantes","l10n_binaural.l10n_chart_template_binaural","True"
"account_activa_account_10108001","INVENTARIO DE MERCANCIA","10108001","Activos Circulantes","l10n_binaural.l10n_chart_template_binaural","True"
"account_activa_account_10108002","INVENTARIO EN TRANSITO","10108002","Activos Circulantes","l10n_binaural.l10n_chart_template_binaural","True"
"account_activa_account_102","ACTIVOS NO CORRIENTES","102","Activos Circulantes","l10n_binaural.l10n_chart_template_binaural","True"
"account_activa_account_10201","PROPIEDAD PLANTA Y EQUIPO","10201","Activos Circulantes","l10n_binaural.l10n_chart_template_binaural","True"
"account_activa_account_10201001","PROPIEDAD PLANTA Y EQUIPOS","10201001","Activos Circulantes","l10n_binaural.l10n_chart_template_binaural","True"
"account_activa_account_10201002","TERRENO","10201002","Activos Circulantes","l10n_binaural.l10n_chart_template_binaural","True"
"account_activa_account_10201003","EDIFICIOS","10201003","Activos Circulantes","l10n_binaural.l10n_chart_template_binaural","True"
"account_activa_account_10201004","MAQUINARIAS","10201004","Activos Circulantes","l10n_binaural.l10n_chart_template_binaural","True"
"account_activa_account_10201005","VEHICULOS","10201005","Activos Circulantes","l10n_binaural.l10n_chart_template_binaural","True"
"account_activa_account_10201006","HERRAMIENTAS","10201006","Activos Circulantes","l10n_binaural.l10n_chart_template_binaural","True"
"account_activa_account_10201007","MOBILIARIOS Y EQUIPOS","10201007","Activos Circulantes","l10n_binaural.l10n_chart_template_binaural","True"
"account_activa_account_10201008","PROGRAMAS ","10201008","Activos Circulantes","l10n_binaural.l10n_chart_template_binaural","True"
"account_activa_account_10202","DEPRECIACIÓN ACUM.","10202","Activos Circulantes","l10n_binaural.l10n_chart_template_binaural","True"
"account_activa_account_10202001","DEPRECIACIÓN ACUM. PROPIEDAD PLANTA Y EQUIPOS","10202001","Activos Circulantes","l10n_binaural.l10n_chart_template_binaural","True"
"account_activa_account_10202003","DEPRECIACIÓN ACUM. EDIFICIOS","10202003","Activos Circulantes","l10n_binaural.l10n_chart_template_binaural","True"
"account_activa_account_10202004","DEPRECIACIÓN ACUM. MAQUINARIA Y EQUIPO","10202004","Activos Circulantes","l10n_binaural.l10n_chart_template_binaural","True"
"account_activa_account_10202005","DEPRECIACIÓN ACUM. VEHICULOS","10202005","Activos Circulantes","l10n_binaural.l10n_chart_template_binaural","True"
"account_activa_account_10202006","DEPRECIACIÓN ACUM. HERRAMIENTAS","10202006","Activos Circulantes","l10n_binaural.l10n_chart_template_binaural","True"
"account_activa_account_10202007","DEPRECIACIÓN ACUM. MOBILIARIOS Y EQUIPOS","10202007","Activos Circulantes","l10n_binaural.l10n_chart_template_binaural","True"
"account_activa_account_10202008","AMORTIZACION ACUM. PROGRAMAS","10202008","Activos Circulantes","l10n_binaural.l10n_chart_template_binaural","True"
"account_activa_account_10203","INVERSIONES PERMANENTES","10203","Activos Circulantes","l10n_binaural.l10n_chart_template_binaural","True"
"account_activa_account_10203001","ACCIONES EN LA EMPRESA XX","10203001","Activos Circulantes","l10n_binaural.l10n_chart_template_binaural","True"
"account_activa_account_10204","CUENTAS POR COBRAR ACCIONISTAS","10204","Activos Circulantes","l10n_binaural.l10n_chart_template_binaural","True"
"account_activa_account_10204001","CUENTASPORCOBRAR XXX","10204001","Activos Circulantes","l10n_binaural.l10n_chart_template_binaural","True"
"account_activa_account_2","PASIVO","2","Pasivos Circulantes","l10n_binaural.l10n_chart_template_binaural","True"
"account_activa_account_201","PASIVOS CORRIENTES","201","Pasivos Circulantes","l10n_binaural.l10n_chart_template_binaural","True"
"account_activa_account_20101","CUENTAS Y EFECTOS POR PAGAR","20101","Por pagar","l10n_binaural.l10n_chart_template_binaural","True"
"account_activa_account_20101001","CUENTAS POR PAGAR BANCARIOS","20101001","Por pagar","l10n_binaural.l10n_chart_template_binaural","True"
"account_activa_account_20101004","CUENTAS POR PAGAR PROVEEDORES VARIOS","20101004","Por pagar","l10n_binaural.l10n_chart_template_binaural","True"
"account_activa_account_20101005","CUENTAS POR PAGAR OTRAS","20101005","Por pagar","l10n_binaural.l10n_chart_template_binaural","True"
"account_activa_account_20101006","CUENTAS POR PAGAR ACCIONISTA XXX","20101006","Por pagar","l10n_binaural.l10n_chart_template_binaural","True"
"account_activa_account_20102","IMPUESTOS POR PAGAR","20102","Pasivos Circulantes","l10n_binaural.l10n_chart_template_binaural","True"
"account_activa_account_20102001","ISLR POR PAGAR","20102001","Pasivos Circulantes","l10n_binaural.l10n_chart_template_binaural","True"
"account_activa_account_20102002","IMPUESTOS MUNICIPALES POR PAGAR","20102002","Pasivos Circulantes","l10n_binaural.l10n_chart_template_binaural","True"
"account_activa_account_20102003","DEBITO FISCAL","20102003","Pasivos Circulantes","l10n_binaural.l10n_chart_template_binaural","True"
"account_activa_account_20103","RETENCIONES. IMPUESTOS POR PAGAR","20103","Pasivos Circulantes","l10n_binaural.l10n_chart_template_binaural","True"
"account_activa_account_20103001","RETENCION IVA POR PAGAR","20103001","Pasivos Circulantes","l10n_binaural.l10n_chart_template_binaural","True"
"account_activa_account_20103002","RETENCION DE ISLR","20103002","Pasivos Circulantes","l10n_binaural.l10n_chart_template_binaural","True"
"account_activa_account_20103003","I.V.A.","20103003","Pasivos Circulantes","l10n_binaural.l10n_chart_template_binaural","True"
"account_activa_account_20104","OBLIGACIONES LABORALES POR PAGAR","20104","Pasivos Circulantes","l10n_binaural.l10n_chart_template_binaural","True"
"account_activa_account_20104001","UTILIDADES A TRABAJADORES POR PAGAR","20104001","Pasivos Circulantes","l10n_binaural.l10n_chart_template_binaural","True"
"account_activa_account_20104002","VACACIONES TRABAJADORES POR PAGAR","20104002","Pasivos Circulantes","l10n_binaural.l10n_chart_template_binaural","True"
"account_activa_account_20104003","PRESTACIONES SOCIALES POR PAGAR","20104003","Pasivos Circulantes","l10n_binaural.l10n_chart_template_binaural","True"
"account_activa_account_20104004","SUELDO Y SALARIOS POR PAGAR","20104004","Pasivos Circulantes","l10n_binaural.l10n_chart_template_binaural","True"
"account_activa_account_20105","RETENCIONES Y APORTES PATRONALES POR PAGAR","20105","Pasivos Circulantes","l10n_binaural.l10n_chart_template_binaural","True"
"account_activa_account_20105001","RETENCION IVSS POR PAGAR","20105001","Pasivos Circulantes","l10n_binaural.l10n_chart_template_binaural","True"
"account_activa_account_20105002","RETENCION DE SPF POR PAGAR","20105002","Pasivos Circulantes","l10n_binaural.l10n_chart_template_binaural","True"
"account_activa_account_20105003","RETENCION F.A.O.V. POR PAGAR","20105003","Pasivos Circulantes","l10n_binaural.l10n_chart_template_binaural","True"
"account_activa_account_20105004","RETENCION INCES POR PAGAR","20105004","Pasivos Circulantes","l10n_binaural.l10n_chart_template_binaural","True"
"account_activa_account_20105005","APORTE IVSS POR PAGAR","20105005","Pasivos Circulantes","l10n_binaural.l10n_chart_template_binaural","True"
"account_activa_account_20105006","APORTE SPF POR PAGAR","20105006","Pasivos Circulantes","l10n_binaural.l10n_chart_template_binaural","True"
"account_activa_account_20105007","APORTE F.A.O.V.  PORPAGAR","20105007","Pasivos Circulantes","l10n_binaural.l10n_chart_template_binaural","True"
"account_activa_account_20105008","APORTE INCES POR PAGAR","20105008","Pasivos Circulantes","l10n_binaural.l10n_chart_template_binaural","True"
"account_activa_account_20105009","APORTE LOCTI POR PAGAR","20105009","Pasivos Circulantes","l10n_binaural.l10n_chart_template_binaural","True"
"account_activa_account_202","PASIVOS NO CORRIENTES","202","Pasivos Circulantes","l10n_binaural.l10n_chart_template_binaural","True"
"account_activa_account_20201","PRESTAMOS BANCARIOS POR PAGAR","20201","Pasivos Circulantes","l10n_binaural.l10n_chart_template_binaural","True"
"account_activa_account_20201001","PRESTAMOS BANCO XXXX","20201001","Pasivos Circulantes","l10n_binaural.l10n_chart_template_binaural","True"
"account_activa_account_20202","PRESTAMO A ACCIONISTAS POR PAGAR","20202","Pasivos Circulantes","l10n_binaural.l10n_chart_template_binaural","True"
"account_activa_account_20202001","PRESTAMO POR PAGAR","20202001","Pasivos Circulantes","l10n_binaural.l10n_chart_template_binaural","True"
"account_activa_account_3","PATRIMONIO","3","Capital","l10n_binaural.l10n_chart_template_binaural","True"
"account_activa_account_301","CAPITAL","301","Capital","l10n_binaural.l10n_chart_template_binaural","True"
"account_activa_account_30101","CAPITAL SOCIAL SUSCRITO Y PAGADO","30101","Capital","l10n_binaural.l10n_chart_template_binaural","True"
"account_activa_account_30101001","CAPITAL SOCIAL","30101001","Capital","l10n_binaural.l10n_chart_template_binaural","True"
"account_activa_account_302","RESULTADO","302","Capital","l10n_binaural.l10n_chart_template_binaural","True"
"account_activa_account_30201","UTILIDADES","30201","Capital","l10n_binaural.l10n_chart_template_binaural","True"
"account_activa_account_30201001","UTILIDADES ACUMULADAS","30201001","Capital","l10n_binaural.l10n_chart_template_binaural","True"
"account_activa_account_30201002","UTILIDAD DEL EJERCICIO","30201002","Ganancias del año actual","l10n_binaural.l10n_chart_template_binaural","True"
"account_activa_account_30201003","UTILIDAD ACUMULADA AJUSTADA POR INFLACION","30201003","Capital","l10n_binaural.l10n_chart_template_binaural","True"
"account_activa_account_30201004","UTILIDAD DEL EJERCICIO AJUSTADO POR INFLACION","30201004","Capital","l10n_binaural.l10n_chart_template_binaural","True"
"account_activa_account_30202","PERDIDAS","30202","Capital","l10n_binaural.l10n_chart_template_binaural","True"
"account_activa_account_30202001","PERDIDA ACUMULADA","30202001","Capital","l10n_binaural.l10n_chart_template_binaural","True"
"account_activa_account_30202002","PERDIDA DEL EJERCICIO","30202002","Capital","l10n_binaural.l10n_chart_template_binaural","True"
"account_activa_account_30202003","PERDIDA ACUMULADA AJUSTADA POR INFLACION","30202003","Capital","l10n_binaural.l10n_chart_template_binaural","True"
"account_activa_account_30202004","PERDIDA DEL EJERCICIO AJUSTADO POR INFLACION","30202004","Capital","l10n_binaural.l10n_chart_template_binaural","True"
"account_activa_account_303","RESERVAS","303","Capital","l10n_binaural.l10n_chart_template_binaural","True"
"account_activa_account_30301","RESERVAS ESTATUTARIAS","30301","Capital","l10n_binaural.l10n_chart_template_binaural","True"
"account_activa_account_30301001","RESERVA LEGAL","30301001","Capital","l10n_binaural.l10n_chart_template_binaural","True"
"account_activa_account_4","INGRESOS","4","Ingreso","l10n_binaural.l10n_chart_template_binaural","True"
"account_activa_account_401","INGRESOS OPERACIONALES","401","Ingreso","l10n_binaural.l10n_chart_template_binaural","True"
"account_activa_account_40101","VENTA ","40101","Ingreso","l10n_binaural.l10n_chart_template_binaural","True"
"account_activa_account_40101001","VENTA DE MERCANCIA","40101001","Ingreso","l10n_binaural.l10n_chart_template_binaural","True"
"account_activa_account_402","INGRESOS POR SERVICIO","402","Ingreso","l10n_binaural.l10n_chart_template_binaural","True"
"account_activa_account_40201001","VENTA DE SERVICIOS","40201001","Ingreso","l10n_binaural.l10n_chart_template_binaural","True"
"account_activa_account_403","INGRESOS NO OPERACIONALES","403","Ingreso","l10n_binaural.l10n_chart_template_binaural","True"
"account_activa_account_40301001","OTROS INGRESOS (INTERES BANCARIO GANADO POR EJEMPLO)","40301001","Ingreso","l10n_binaural.l10n_chart_template_binaural","True"
"account_activa_account_5","COSTOS","5","Costo de ingresos","l10n_binaural.l10n_chart_template_binaural","True"
"account_activa_account_501","COSTO DE VENTAS","501","Costo de ingresos","l10n_binaural.l10n_chart_template_binaural","True"
"account_activa_account_50101","COSTO DE SOFTWARE (EJEMPLO)","50101","Costo de ingresos","l10n_binaural.l10n_chart_template_binaural","True"
"account_activa_account_50101001","COSTO DE (NOMBRE SOFTWARE)","50101001","Costo de ingresos","l10n_binaural.l10n_chart_template_binaural","True"
"account_activa_account_50102","COSTOS DE SERVICIO","50102","Costo de ingresos","l10n_binaural.l10n_chart_template_binaural","True"
"account_activa_account_50102001","SUELDO PERSONAL DE SOPORTE","50102001","Costo de ingresos","l10n_binaural.l10n_chart_template_binaural","True"
"account_activa_account_50102002","COMISIONES PERSONAL DE SOPORTE","50102002","Costo de ingresos","l10n_binaural.l10n_chart_template_binaural","True"
"account_activa_account_50102004","VACACIONES PERSONAL DE SOPORTE","50102004","Costo de ingresos","l10n_binaural.l10n_chart_template_binaural","True"
"account_activa_account_50102005","BONO VACAIONAL PERSONAL DE SOPORTE","50102005","Costo de ingresos","l10n_binaural.l10n_chart_template_binaural","True"
"account_activa_account_50102006","PRESTACIONES SOCIALES PERSONAL DE SOPORTE","50102006","Costo de ingresos","l10n_binaural.l10n_chart_template_binaural","True"
"account_activa_account_50102007","INTERESES S/PRESTACIONES SOCIALES PERSONAL DE SOPORTE","50102007","Costo de ingresos","l10n_binaural.l10n_chart_template_binaural","True"
"account_activa_account_50103","OTROS SERVICIOS","50103","Costo de ingresos","l10n_binaural.l10n_chart_template_binaural","True"
"account_activa_account_50103001","COSTOS DE CURSO (COSTO DE ASESORIAS ETC)","50103001","Costo de ingresos","l10n_binaural.l10n_chart_template_binaural","True"
"account_activa_account_50103002","COSTO MOVILIZACION Y TRASLADO","50103002","Costo de ingresos","l10n_binaural.l10n_chart_template_binaural","True"
"account_activa_account_50104","COSTO DE CONSUMIBLES","50104","Costo de ingresos","l10n_binaural.l10n_chart_template_binaural","True"
"account_activa_account_50104001","PAPELERIA Y ARTICULOS DE OFICINA","50104001","Costo de ingresos","l10n_binaural.l10n_chart_template_binaural","True"
"account_activa_account_50104001","EQUIPOS Y ACCESORIOS DE COMPUTACION (EJEMPLO)","50104001","Costo de ingresos","l10n_binaural.l10n_chart_template_binaural","True"
"account_activa_account_502","CONTRIBUCIONES","502","Costo de ingresos","l10n_binaural.l10n_chart_template_binaural","True"
"account_activa_account_50201","CONTRIBUCIONES PARAFISCALES","50201","Costo de ingresos","l10n_binaural.l10n_chart_template_binaural","True"
"account_activa_account_50201001","APORTE IVSS Y SPF","50201001","Costo de ingresos","l10n_binaural.l10n_chart_template_binaural","True"
"account_activa_account_50201002","APORTE F.A.O.V.","50201002","Costo de ingresos","l10n_binaural.l10n_chart_template_binaural","True"
"account_activa_account_50201003","APORTE INCES","50201003","Costo de ingresos","l10n_binaural.l10n_chart_template_binaural","True"
"account_activa_account_503","COSTOS OPERATIVOS","503","Costo de ingresos","l10n_binaural.l10n_chart_template_binaural","True"
"account_activa_account_50301001","COSTOS OPERATIVOS","50301001","Costo de ingresos","l10n_binaural.l10n_chart_template_binaural","True"
"account_activa_account_50301002","SERVICIO TELEFONO,FAX,CELULAR","50301002","Costo de ingresos","l10n_binaural.l10n_chart_template_binaural","True"
"account_activa_account_50301003","HIDROLARA","50301003","Costo de ingresos","l10n_binaural.l10n_chart_template_binaural","True"
"account_activa_account_50301004","CORPOELEC","50301004","Costo de ingresos","l10n_binaural.l10n_chart_template_binaural","True"
"account_activa_account_50301005","ASEO URBANO","50301005","Costo de ingresos","l10n_binaural.l10n_chart_template_binaural","True"
"account_activa_account_50301006","SERVICIOS PUBLICOS","50301006","Costo de ingresos","l10n_binaural.l10n_chart_template_binaural","True"
"account_activa_account_50301007","DEPRECIACION DE ACTIVOS","50301007","Costo de ingresos","l10n_binaural.l10n_chart_template_binaural","True"
"account_activa_account_50301008","AMORTIZACION DE ACTIVOS","50301008","Costo de ingresos","l10n_binaural.l10n_chart_template_binaural","True"
"account_activa_account_50301009","MATERIALES Y ARTICULOS DE OFICINA","50301009","Costo de ingresos","l10n_binaural.l10n_chart_template_binaural","True"
"account_activa_account_50301010","HONORARIOS PROFESIONALES","50301010","Costo de ingresos","l10n_binaural.l10n_chart_template_binaural","True"
"account_activa_account_50301011","COSTOS DE ALQUILER","50301011","Costo de ingresos","l10n_binaural.l10n_chart_template_binaural","True"
"account_activa_account_50301012","ALIMENTOS Y BEBIDAS","50301012","Costo de ingresos","l10n_binaural.l10n_chart_template_binaural","True"
"account_activa_account_50301013","SERVICIOS CONTRATADOS","50301013","Costo de ingresos","l10n_binaural.l10n_chart_template_binaural","True"
"account_activa_account_50301014","COSTOS DE FLETES Y ENCOMIENDAS","50301014","Costo de ingresos","l10n_binaural.l10n_chart_template_binaural","True"
"account_activa_account_50301015","REPAR. Y MTTO. MOB Y EQUIPOS.","50301015","Costo de ingresos","l10n_binaural.l10n_chart_template_binaural","True"
"account_activa_account_50301016","REPARACION Y MANTENIMIENTO DE VEHICULO","50301016","Costo de ingresos","l10n_binaural.l10n_chart_template_binaural","True"
"account_activa_account_50301017","MEJORAS Y MANTENIMIENTO A PROPIEDAD ARRENDADA","50301017","Costo de ingresos","l10n_binaural.l10n_chart_template_binaural","True"
"account_activa_account_50301018","EQUIPOS ARTICULOS Y MATERIALES DE OFICINA","50301018","Costo de ingresos","l10n_binaural.l10n_chart_template_binaural","True"
"account_activa_account_50301019","COSTOS  DE LIMPIEZA, ARTICULOS Y MATERIALES","50301019","Costo de ingresos","l10n_binaural.l10n_chart_template_binaural","True"
"account_activa_account_50301020","COSTOS DE EMBALAJE","50301020","Costo de ingresos","l10n_binaural.l10n_chart_template_binaural","True"
"account_activa_account_50301021","COSTOS DIPOSITIVOS DE COMPUTACION","50301021","Costo de ingresos","l10n_binaural.l10n_chart_template_binaural","True"
"account_activa_account_50301022","COSTOS CRUZ ROJA","50301022","Costo de ingresos","l10n_binaural.l10n_chart_template_binaural","True"
"account_activa_account_50301023","GASTO DE TRANSPORTE","50301023","Costo de ingresos","l10n_binaural.l10n_chart_template_binaural","True"
"account_activa_account_50301024","GASTO DE VIGILANCIA PRIVADA","50301024","Costo de ingresos","l10n_binaural.l10n_chart_template_binaural","True"
"account_activa_account_50301025","ENVIOS Y ENCOMIENDAS","50301025","Costo de ingresos","l10n_binaural.l10n_chart_template_binaural","True"
"account_activa_account_50301026","REPARACION Y MANTENIMIENTO DE EQUIPOS","50301026","Costo de ingresos","l10n_binaural.l10n_chart_template_binaural","True"
"account_activa_account_50301027","INTERESES MORA","50301027","Costo de ingresos","l10n_binaural.l10n_chart_template_binaural","True"
"account_activa_account_50301028","GASTO DE TASAS Y ARANCELES","50301028","Costo de ingresos","l10n_binaural.l10n_chart_template_binaural","True"
"account_activa_account_50301029","COSTOS  POR HIGIENE Y SEGURIDAD INDUSTRIAL","50301029","Costo de ingresos","l10n_binaural.l10n_chart_template_binaural","True"
"account_activa_account_6","EGRESOS","6","Gastos","l10n_binaural.l10n_chart_template_binaural","True"
"account_activa_account_601","GASTOS","601","Gastos","l10n_binaural.l10n_chart_template_binaural","True"
"account_activa_account_60101","GASTOS PERSONAL ADMINISTRATIVO","60101","Gastos","l10n_binaural.l10n_chart_template_binaural","True"
"account_activa_account_60101001","SUELDOS Y SALARIOS PERSONAL DIRECTIVOS","60101001","Gastos","l10n_binaural.l10n_chart_template_binaural","True"
"account_activa_account_60101002","SUELDOS Y SALARIOS PERSONAL ADM","60101002","Gastos","l10n_binaural.l10n_chart_template_binaural","True"
"account_activa_account_60101003","PRESTACIONES SOCIALES E INTERESES SOBRE PRESTACIONES","60101003","Gastos","l10n_binaural.l10n_chart_template_binaural","True"
"account_activa_account_60101004","VACACIONES PERSONAL DIRECTIVO","60101004","Gastos","l10n_binaural.l10n_chart_template_binaural","True"
"account_activa_account_60101005","BONO VACACIONAL PERSONAL DIRECTIVO","60101005","Gastos","l10n_binaural.l10n_chart_template_binaural","True"
"account_activa_account_60101006","VACACIONES PERSONAL ADM","60101006","Gastos","l10n_binaural.l10n_chart_template_binaural","True"
"account_activa_account_60101007","BONO VACIONAL PERSONAL ADM","60101007","Gastos","l10n_binaural.l10n_chart_template_binaural","True"
"account_activa_account_60101008","UTILIDADES FIN DE AÑO PERSONAL DIRECTIVO","60101008","Gastos","l10n_binaural.l10n_chart_template_binaural","True"
"account_activa_account_60101009","UTILIDADES FIN DE AÑO PERSONAL ADM/OP","60101009","Gastos","l10n_binaural.l10n_chart_template_binaural","True"
"account_activa_account_60101010","VIATICOS DIRECTIVOS","60101010","Gastos","l10n_binaural.l10n_chart_template_binaural","True"
"account_activa_account_60101011","VIATICOS ADM","60101011","Gastos","l10n_binaural.l10n_chart_template_binaural","True"
"account_activa_account_60101012","HORAS EXTRAS ADM","60101012","Gastos","l10n_binaural.l10n_chart_template_binaural","True"
"account_activa_account_60101013","DIAS FERIADOS Y DOMINGOS ADM","60101013","Gastos","l10n_binaural.l10n_chart_template_binaural","True"
"account_activa_account_60101014","BONO DE ALIMENTACION ADM","60101014","Gastos","l10n_binaural.l10n_chart_template_binaural","True"
"account_activa_account_60101015","GASTOS MEDICOS TRABAJADORES","60101015","Gastos","l10n_binaural.l10n_chart_template_binaural","True"
"account_activa_account_60101016","GASTOS DE UNIFORMES ","60101016","Gastos","l10n_binaural.l10n_chart_template_binaural","True"
"account_activa_account_60101017","CURSOS Y TALLERES ADM","60101017","Gastos","l10n_binaural.l10n_chart_template_binaural","True"
"account_activa_account_60101018","SEGURO HCM PERSONAL","60101018","Gastos","l10n_binaural.l10n_chart_template_binaural","True"
"account_activa_account_602","CONTRIBUCIONES","602","Gastos","l10n_binaural.l10n_chart_template_binaural","True"
"account_activa_account_60201","CONTRIBUCIONES PARAFISCALES","60201","Gastos","l10n_binaural.l10n_chart_template_binaural","True"
"account_activa_account_60201001","APORTE IVSS Y SPF ADM","60201001","Gastos","l10n_binaural.l10n_chart_template_binaural","True"
"account_activa_account_60201003","APORTE F.A.O.V. ADM","60201003","Gastos","l10n_binaural.l10n_chart_template_binaural","True"
"account_activa_account_60201004","APORTE INCES ADM","60201004","Gastos","l10n_binaural.l10n_chart_template_binaural","True"
"account_activa_account_603","GASTOS ADMINISTRATIVOS","603","Gastos","l10n_binaural.l10n_chart_template_binaural","True"
"account_activa_account_60301","GASTOS ADMINISTRATIVOS","60301","Gastos","l10n_binaural.l10n_chart_template_binaural","True"
"account_activa_account_60301001","SERVICIO TELEFONO, FAX, CELULAR","60301001","Gastos","l10n_binaural.l10n_chart_template_binaural","True"
"account_activa_account_60301002","DEPRECIACION DE ACTIVOS","60301002","Gastos","l10n_binaural.l10n_chart_template_binaural","True"
"account_activa_account_60301003","AMORTIZACION DE ACTIVOS","60301003","Gastos","l10n_binaural.l10n_chart_template_binaural","True"
"account_activa_account_60301004","MATERIALES Y ARTICULOS DE OFICINA","60301004","Gastos","l10n_binaural.l10n_chart_template_binaural","True"
"account_activa_account_60301005","HONORARIOS PROFESIONALES","60301005","Gastos","l10n_binaural.l10n_chart_template_binaural","True"
"account_activa_account_60301006","GASTOS DE ALQUILER","60301006","Gastos","l10n_binaural.l10n_chart_template_binaural","True"
"account_activa_account_60301007","GASTOS DE ADIESTRAMIENTO","60301007","Gastos","l10n_binaural.l10n_chart_template_binaural","True"
"account_activa_account_60301008","ALIMENTOS Y BEBIDAS","60301008","Gastos","l10n_binaural.l10n_chart_template_binaural","True"
"account_activa_account_60301009","SERVICIOS CONTRATADOS","60301009","Gastos","l10n_binaural.l10n_chart_template_binaural","True"
"account_activa_account_60301010","GASTOS DE PUBLICIDAD","60301010","Gastos","l10n_binaural.l10n_chart_template_binaural","True"
"account_activa_account_60301011","IMPUESTO MUNICIPAL","60301011","Gastos","l10n_binaural.l10n_chart_template_binaural","True"
"account_activa_account_60301012","GASTOS DE FLETES Y ENCOMIENDAS","60301012","Gastos","l10n_binaural.l10n_chart_template_binaural","True"
"account_activa_account_60301013","REPAR. Y MTTO. MOB Y EQUIPOS.","60301013","Gastos","l10n_binaural.l10n_chart_template_binaural","True"
"account_activa_account_60301014","REPARACION, MANTENIMIENTO Y REPTOS DE VEHICULO","60301014","Gastos","l10n_binaural.l10n_chart_template_binaural","True"
"account_activa_account_60301015","REPARACION Y MANTENIMIENTO DE INSTALACIONES","60301015","Gastos","l10n_binaural.l10n_chart_template_binaural","True"
"account_activa_account_60301016","REPARACION Y MANTENIMIENTO DE LOCAL","60301016","Gastos","l10n_binaural.l10n_chart_template_binaural","True"
"account_activa_account_60301017","GASTOS DE LIMPIEZA","60301017","Gastos","l10n_binaural.l10n_chart_template_binaural","True"
"account_activa_account_60301018","GASTOS DE CONDOMINIO","60301018","Gastos","l10n_binaural.l10n_chart_template_binaural","True"
"account_activa_account_60301019","GASTOS CRUZ ROJA","60301019","Gastos","l10n_binaural.l10n_chart_template_binaural","True"
"account_activa_account_60301020","GASTOS SOPORTE TECNICO DE SOFTWARE","60301020","Gastos","l10n_binaural.l10n_chart_template_binaural","True"
"account_activa_account_60301021","PORCION CREDITO FISCAL NO DECUCIBLE","60301021","Gastos","l10n_binaural.l10n_chart_template_binaural","True"
"account_activa_account_60301022","GASTO DE TRANSPORTE","60301022","Gastos","l10n_binaural.l10n_chart_template_binaural","True"
"account_activa_account_60301023","GASTOS DE VIGILANCIA","60301023","Gastos","l10n_binaural.l10n_chart_template_binaural","True"
"account_activa_account_60301024","ENVIOS Y ENCOMIENDAS","60301024","Gastos","l10n_binaural.l10n_chart_template_binaural","True"
"account_activa_account_60301025","REPARACION Y MANTENIMIENTO DE EQUIPOS","60301025","Gastos","l10n_binaural.l10n_chart_template_binaural","True"
"account_activa_account_60301026","AVISOS EN PRENSA","60301026","Gastos","l10n_binaural.l10n_chart_template_binaural","True"
"account_activa_account_60301027","SUMINISTROS VARIOS","60301027","Gastos","l10n_binaural.l10n_chart_template_binaural","True"
"account_activa_account_60301028","COLABORACION Y DONACIONES","60301028","Gastos","l10n_binaural.l10n_chart_template_binaural","True"
"account_activa_account_60301029","OTROS SERVICIOS CONTRATADOS","60301029","Gastos","l10n_binaural.l10n_chart_template_binaural","True"
"account_activa_account_60301030","GASTOS VARIOS","60301030","Gastos","l10n_binaural.l10n_chart_template_binaural","True"
"account_activa_account_7","OTRAS OPERACIONES COMERCIALES","7","Gastos","l10n_binaural.l10n_chart_template_binaural","True"
"account_activa_account_701","INGRESOS","701","Gastos","l10n_binaural.l10n_chart_template_binaural","True"
"account_activa_account_70101","FINANCIEROS","70101","Gastos","l10n_binaural.l10n_chart_template_binaural","True"
"account_activa_account_70101001","OTRAS COLOCACIONES","70101001","Gastos","l10n_binaural.l10n_chart_template_binaural","True"
"account_activa_account_70101002","RECUPERACION DE GASTOS","70101002","Gastos","l10n_binaural.l10n_chart_template_binaural","True"
"account_activa_account_70101003","OTROS INGRESOS","70101003","Gastos","l10n_binaural.l10n_chart_template_binaural","True"
"account_activa_account_70101004","COMISION CHEQUE DEVUELTO","70101004","Gastos","l10n_binaural.l10n_chart_template_binaural","True"
"account_activa_account_702","OTROS EGRESOS","702","Gastos","l10n_binaural.l10n_chart_template_binaural","True"
"account_activa_account_70201","EGRESOS VARIOS","70201","Gastos","l10n_binaural.l10n_chart_template_binaural","True"
"account_activa_account_70201001","GASTOS DE INTERESES POR PRESTAMO BANCARIO","70201001","Gastos","l10n_binaural.l10n_chart_template_binaural","True"
"account_activa_account_70201002","GASTOS BANCARIOS","70201002","Gastos","l10n_binaural.l10n_chart_template_binaural","True"
"account_activa_account_70201003","COMISIONES BANCARIAS","70201003","Gastos","l10n_binaural.l10n_chart_template_binaural","True"
"account_activa_account_70201004","GASTO DE TASAS Y ARANCELES","70201004","Gastos","l10n_binaural.l10n_chart_template_binaural","True"
"account_activa_account_70201005","OTROS EGRESOS","70201005","Gastos","l10n_binaural.l10n_chart_template_binaural","True"
"account_activa_account_70201006","GASTOS NO DEDUCIBLES","70201006","Gastos","l10n_binaural.l10n_chart_template_binaural","True"
